,ProductQuantity,LILATracts_1And10,LILATracts_halfAnd10,LILATracts_1And20,LowIncomeTracts,TractLOWI,Total_Population,Risk_Level,Shortage_PF
15001,20233.0,1.0,1.0,1.0,1.0,12624.0,51540.0,2.0,0.6239312015024959
15003,8871.0,1.0,1.0,1.0,1.0,5113.0,18641.0,2.0,0.5763724495547289
15004,174.0,0.0,0.0,0.0,0.0,1461.0,4567.0,0.0,8.39655172413793
15005,795.0,0.0,1.0,0.0,1.0,4467.0,30185.0,3.0,5.618867924528302
15010,8881.0,1.0,1.0,1.0,1.0,15444.0,55660.0,2.0,1.7389933566039861
15014,1102.0,1.0,1.0,1.0,1.0,1125.0,3543.0,2.0,1.0208711433756805
15022,64.0,1.0,1.0,1.0,1.0,5772.0,21150.0,2.0,90.1875
15024,255992.0,0.0,1.0,0.0,1.0,3521.0,24337.0,3.0,0.013754336073002282
15025,25862.0,1.0,1.0,1.0,1.0,7892.0,38803.0,2.0,0.30515814708839223
15033,36.0,1.0,1.0,1.0,1.0,3051.0,11334.0,2.0,84.75
15034,569.0,0.0,0.0,0.0,0.0,1117.0,4180.0,0.0,1.9630931458699472
15035,6994.0,1.0,1.0,1.0,1.0,2096.0,5992.0,2.0,0.2996854446668573
15037,36700.0,1.0,1.0,1.0,1.0,3710.0,20421.0,2.0,0.10108991825613078
15045,12888.0,1.0,1.0,1.0,1.0,1690.0,4993.0,2.0,0.13112973308504033
15056,71.0,0.0,1.0,0.0,1.0,424.0,1232.0,3.0,5.971830985915493
15057,37.0,0.0,0.0,0.0,1.0,7433.0,30523.0,0.0,200.8918918918919
15059,648.0,1.0,1.0,1.0,1.0,3497.0,11854.0,2.0,5.396604938271605
15061,303347.0,0.0,1.0,0.0,1.0,5597.0,23792.0,3.0,0.018450817051099896
15063,198.0,1.0,1.0,1.0,1.0,5239.0,20928.0,2.0,26.45959595959596
15065,25480.0,0.0,1.0,0.0,1.0,4481.0,20265.0,3.0,0.17586342229199373
15068,1081.0,0.0,0.0,0.0,0.0,1504.0,10913.0,0.0,1.391304347826087
15074,1818.0,1.0,1.0,1.0,1.0,5324.0,23816.0,2.0,2.9284928492849285
15076,1200.0,0.0,0.0,0.0,0.0,2291.0,11563.0,0.0,1.9091666666666667
15084,1691.0,1.0,1.0,1.0,1.0,7538.0,31106.0,2.0,4.457717327025429
15088,437.0,0.0,0.0,0.0,0.0,695.0,3655.0,0.0,1.5903890160183067
15090,16445.0,0.0,0.0,0.0,0.0,4965.0,40651.0,0.0,0.3019154758285193
15101,22575.0,0.0,0.0,0.0,0.0,7961.0,64511.0,0.0,0.3526467331118494
15102,29590.0,0.0,0.0,0.0,0.0,6749.0,57129.0,0.0,0.22808381209868198
15104,21004.0,1.0,1.0,1.0,1.0,7948.0,18770.0,2.0,0.37840411350219005
15106,11281.0,1.0,1.0,1.0,1.0,8884.0,49607.0,2.0,0.787518836982537
15108,112574.0,0.0,1.0,0.0,1.0,12780.0,66684.0,3.0,0.11352532556362925
15110,99726.0,0.0,1.0,0.0,1.0,5303.0,12235.0,3.0,0.053175701421895996
15116,3405.0,0.0,0.0,0.0,0.0,5644.0,51125.0,0.0,1.6575624082232012
15120,50560.0,0.0,1.0,0.0,1.0,8135.0,26380.0,3.0,0.1608979430379747
15122,1198.0,0.0,1.0,0.0,1.0,8921.0,37337.0,3.0,7.446577629382304
15126,4043.0,0.0,0.0,0.0,1.0,5735.0,22414.0,0.0,1.418501113034875
15129,726.0,0.0,0.0,0.0,0.0,3789.0,26859.0,0.0,5.2190082644628095
15131,14477.0,1.0,1.0,1.0,1.0,5710.0,20871.0,2.0,0.3944187331629481
15132,69477.0,1.0,1.0,1.0,1.0,16955.0,49484.0,2.0,0.2440375951753818
15133,16720.0,1.0,1.0,1.0,1.0,1972.0,8100.0,2.0,0.11794258373205742
15136,7716.0,1.0,1.0,1.0,1.0,11337.0,35037.0,2.0,1.469284603421462
15137,8153.0,1.0,1.0,1.0,1.0,4864.0,15201.0,2.0,0.5965902121918313
15139,1975.0,0.0,0.0,0.0,0.0,1888.0,13278.0,0.0,0.9559493670886076
15140,31410.0,1.0,1.0,1.0,1.0,4381.0,12098.0,2.0,0.13947787328876154
15144,2978.0,0.0,1.0,0.0,1.0,1286.0,5641.0,3.0,0.4318334452652787
15145,8412.0,1.0,1.0,1.0,1.0,6962.0,23074.0,2.0,0.8276271992391822
15146,21497.0,1.0,1.0,1.0,1.0,13560.0,61234.0,2.0,0.6307856910266548
15147,86638.0,1.0,1.0,1.0,1.0,10382.0,46580.0,2.0,0.11983194441238255
15148,1566.0,1.0,1.0,1.0,1.0,5057.0,14589.0,2.0,3.2292464878671776
15201,6030.0,0.0,0.0,0.0,1.0,4902.0,24272.0,0.0,0.8129353233830846
15202,7643.0,0.0,0.0,0.0,1.0,9611.0,43755.0,0.0,1.2574905141959964
15203,8546.0,0.0,1.0,0.0,1.0,7951.0,24235.0,3.0,0.9303767844605664
15204,17247.0,0.0,1.0,0.0,1.0,5243.0,12906.0,3.0,0.30399489766336174
15205,6821.0,1.0,1.0,1.0,1.0,11351.0,56192.0,2.0,1.6641254947954844
15206,103964.0,1.0,1.0,1.0,1.0,19581.0,67298.0,2.0,0.18834404216844292
15207,50358.0,1.0,1.0,1.0,1.0,7240.0,28745.0,2.0,0.14377060248619883
15208,41815.0,0.0,1.0,0.0,1.0,8612.0,24220.0,3.0,0.2059548009087648
15209,461.0,1.0,1.0,1.0,1.0,7160.0,33927.0,2.0,15.531453362255965
15210,53691.0,1.0,1.0,1.0,1.0,20373.0,54780.0,2.0,0.37944906967648206
15211,3870.0,0.0,1.0,0.0,1.0,6435.0,23067.0,3.0,1.6627906976744187
15212,127289.0,1.0,1.0,1.0,1.0,14430.0,63626.0,2.0,0.11336407702158081
15213,16119.0,0.0,1.0,0.0,1.0,15359.0,40633.0,3.0,0.9528506731186798
15214,16392.0,1.0,1.0,1.0,1.0,9717.0,36755.0,2.0,0.5927891654465594
15215,1584.0,1.0,1.0,1.0,1.0,4304.0,28631.0,2.0,2.717171717171717
15216,5255.0,0.0,1.0,0.0,1.0,9397.0,48026.0,3.0,1.7882017126546146
15217,1170.0,1.0,1.0,1.0,1.0,10516.0,49499.0,2.0,8.988034188034188
15218,14483.0,0.0,1.0,0.0,1.0,5244.0,18911.0,3.0,0.3620796796243872
15219,93866.0,1.0,1.0,1.0,1.0,13930.0,47232.0,2.0,0.14840304263524598
15220,5322.0,1.0,1.0,1.0,1.0,12578.0,56895.0,2.0,2.3633972190905674
15221,122020.0,1.0,1.0,1.0,1.0,18162.0,67057.0,2.0,0.14884445172922472
15222,10963.0,0.0,0.0,0.0,0.0,2111.0,9288.0,0.0,0.19255678190276385
15223,9759.0,0.0,1.0,0.0,1.0,5314.0,28537.0,3.0,0.5445230044061892
15224,28710.0,0.0,1.0,0.0,1.0,8413.0,29421.0,3.0,0.2930337861372344
15226,33099.0,0.0,1.0,0.0,1.0,9891.0,40878.0,3.0,0.2988307803861144
15227,11118.0,1.0,1.0,1.0,1.0,11372.0,48901.0,2.0,1.0228458355819392
15228,13381.0,0.0,0.0,0.0,0.0,6714.0,50909.0,0.0,0.5017562215081085
15229,1808.0,0.0,0.0,0.0,0.0,5629.0,31222.0,0.0,3.1133849557522124
15233,928.0,0.0,1.0,0.0,1.0,4181.0,21171.0,3.0,4.505387931034483
15235,31885.0,1.0,1.0,1.0,1.0,17110.0,71517.0,2.0,0.5366159636192567
15236,42534.0,1.0,1.0,1.0,1.0,17669.0,83590.0,2.0,0.41540884939107536
15237,78.0,0.0,0.0,0.0,0.0,12473.0,91958.0,0.0,159.9102564102564
15238,10558.0,1.0,1.0,1.0,1.0,4544.0,35311.0,2.0,0.43038454252699376
15239,33994.0,0.0,0.0,0.0,0.0,6700.0,42134.0,0.0,0.19709360475378007
15243,850.0,0.0,0.0,0.0,0.0,2964.0,24106.0,0.0,3.4870588235294115
15301,4464.0,1.0,1.0,1.0,1.0,22192.0,96031.0,2.0,4.971326164874552
15317,19.0,0.0,0.0,0.0,0.0,9545.0,57336.0,0.0,502.36842105263156
15323,164.0,0.0,0.0,0.0,0.0,3861.0,20717.0,0.0,23.54268292682927
15341,1975.0,0.0,0.0,0.0,0.0,1936.0,7820.0,0.0,0.980253164556962
15347,185.0,0.0,0.0,0.0,0.0,2315.0,8544.0,0.0,12.513513513513514
15370,10519.0,1.0,1.0,1.0,1.0,10423.0,52025.0,2.0,0.9908736571917482
15412,341.0,1.0,1.0,1.0,1.0,1148.0,4732.0,2.0,3.366568914956012
15417,19003.0,1.0,1.0,1.0,1.0,8916.0,30768.0,2.0,0.46918907540914595
15419,25.0,1.0,1.0,1.0,1.0,2151.0,5408.0,2.0,86.04
15423,21.0,1.0,1.0,1.0,1.0,4844.0,17442.0,2.0,230.66666666666666
15424,9305.0,0.0,0.0,0.0,1.0,4848.0,24386.0,0.0,0.5210102095647501
15425,18.0,1.0,1.0,1.0,1.0,14337.0,42561.0,2.0,796.5
15431,7455.0,0.0,0.0,0.0,0.0,3750.0,18018.0,0.0,0.5030181086519114
15475,40118.0,1.0,1.0,1.0,1.0,2599.0,11842.0,2.0,0.06478388753178124
15501,11903.0,1.0,1.0,1.0,1.0,11048.0,43416.0,2.0,0.9281693690666218
15530,6529.0,1.0,1.0,1.0,1.0,3939.0,16902.0,2.0,0.6033083167406954
15531,7950.0,0.0,0.0,0.0,1.0,4411.0,14733.0,0.0,0.5548427672955974
15552,2707.0,1.0,1.0,1.0,1.0,5394.0,18352.0,2.0,1.9926117473217584
15557,1491.0,0.0,0.0,0.0,1.0,3996.0,15762.0,0.0,2.680080482897384
15626,15936.0,,,,,,,,
15701,76488.0,0.0,1.0,0.0,1.0,15257.0,51588.0,3.0,0.19946919778265873
15904,10803.0,1.0,1.0,1.0,1.0,6822.0,35795.0,2.0,0.6314912524298806
15905,50781.0,1.0,1.0,1.0,1.0,8685.0,35438.0,2.0,0.1710285342943227
15926,696.0,0.0,0.0,0.0,1.0,2835.0,10607.0,0.0,4.073275862068965
15935,2021.0,0.0,0.0,0.0,1.0,6381.0,22192.0,0.0,3.1573478476001977
15963,1673.0,0.0,1.0,0.0,1.0,6103.0,28129.0,3.0,3.647937836222355
16001,30013.0,0.0,1.0,0.0,1.0,16304.0,63451.0,3.0,0.5432312664512045
16023,7489.0,0.0,0.0,0.0,1.0,3262.0,14723.0,0.0,0.43557217251969554
16033,523.0,0.0,0.0,0.0,0.0,4622.0,41749.0,0.0,8.837476099426386
16037,2697.0,0.0,0.0,0.0,0.0,5327.0,24756.0,0.0,1.975157582499073
16050,4170.0,0.0,0.0,0.0,0.0,4053.0,13718.0,0.0,0.9719424460431655
16057,2020.0,1.0,1.0,1.0,1.0,10512.0,44434.0,2.0,5.203960396039604
16059,74442.0,0.0,0.0,0.0,0.0,4995.0,45908.0,0.0,0.06709921818328363
16101,57793.0,1.0,1.0,1.0,1.0,21759.0,72021.0,2.0,0.37649888394788295
16102,880.0,1.0,1.0,1.0,1.0,6826.0,21233.0,2.0,7.756818181818182
16105,2714.0,1.0,1.0,1.0,1.0,7565.0,37357.0,2.0,2.7873986735445837
16115,5737.0,0.0,0.0,0.0,0.0,2819.0,12728.0,0.0,0.49137179710650164
16117,21844.0,0.0,1.0,0.0,1.0,7106.0,23857.0,3.0,0.3253067203808826
16120,517.0,0.0,0.0,0.0,0.0,1976.0,9164.0,0.0,3.8220502901353965
16132,1137.0,0.0,0.0,0.0,0.0,838.0,3447.0,0.0,0.7370272647317502
16141,907.0,0.0,0.0,0.0,1.0,2931.0,12594.0,0.0,3.231532524807056
16143,817.0,0.0,0.0,0.0,0.0,1551.0,7105.0,0.0,1.8984088127294982
16156,11.0,0.0,0.0,0.0,0.0,2488.0,12087.0,0.0,226.1818181818182
16201,15982.0,0.0,1.0,0.0,1.0,12346.0,36550.0,3.0,0.7724940558127894
16229,3199.0,1.0,1.0,1.0,1.0,4708.0,22434.0,2.0,1.4717099093466708
16646,2367.0,1.0,1.0,1.0,1.0,2730.0,10810.0,2.0,1.1533586818757922
17109,1008.0,,,,,,,,
15006,,0.0,0.0,0.0,0.0,989.0,6883.0,0.0,
15007,,0.0,0.0,0.0,0.0,622.0,4325.0,0.0,
15009,,1.0,1.0,1.0,1.0,7455.0,33676.0,2.0,
15012,,1.0,1.0,1.0,1.0,4132.0,17690.0,2.0,
15015,,0.0,0.0,0.0,0.0,928.0,7145.0,0.0,
15017,,0.0,1.0,0.0,1.0,6381.0,45109.0,3.0,
15018,,0.0,0.0,0.0,0.0,2213.0,13839.0,0.0,
15019,,0.0,0.0,0.0,1.0,3982.0,15414.0,0.0,
15020,,0.0,0.0,0.0,0.0,677.0,3771.0,0.0,
15021,,0.0,0.0,0.0,0.0,4306.0,18312.0,0.0,
15026,,0.0,0.0,0.0,0.0,3392.0,15590.0,0.0,
15027,,1.0,1.0,1.0,1.0,1830.0,7267.0,2.0,
15028,,0.0,0.0,0.0,0.0,1248.0,6425.0,0.0,
15030,,0.0,0.0,0.0,0.0,423.0,1362.0,0.0,
15031,,0.0,0.0,0.0,0.0,1172.0,7251.0,0.0,
15032,,0.0,0.0,0.0,0.0,1302.0,4680.0,0.0,
15038,,0.0,0.0,0.0,0.0,1780.0,8646.0,0.0,
15042,,1.0,1.0,1.0,1.0,4453.0,24157.0,2.0,
15043,,0.0,0.0,0.0,0.0,2095.0,10332.0,0.0,
15044,,0.0,0.0,0.0,0.0,9000.0,67751.0,0.0,
15046,,0.0,0.0,0.0,0.0,430.0,2324.0,0.0,
15047,,0.0,0.0,0.0,0.0,1042.0,6000.0,0.0,
15049,,0.0,1.0,0.0,1.0,586.0,3099.0,3.0,
15050,,0.0,0.0,0.0,0.0,2095.0,10332.0,0.0,
15051,,0.0,0.0,0.0,0.0,653.0,6809.0,0.0,
15052,,0.0,0.0,0.0,0.0,2924.0,12911.0,0.0,
15053,,0.0,0.0,0.0,0.0,1461.0,4567.0,0.0,
15054,,0.0,0.0,0.0,0.0,2613.0,10156.0,0.0,
15055,,0.0,0.0,0.0,0.0,719.0,6676.0,0.0,
15060,,0.0,0.0,0.0,1.0,2451.0,7742.0,0.0,
15064,,0.0,0.0,0.0,0.0,1172.0,7251.0,0.0,
15066,,1.0,1.0,1.0,1.0,9384.0,38571.0,2.0,
15067,,1.0,1.0,1.0,1.0,3241.0,12930.0,2.0,
15071,,0.0,0.0,0.0,0.0,6141.0,30801.0,0.0,
15075,,0.0,0.0,0.0,0.0,453.0,4042.0,0.0,
15077,,0.0,0.0,0.0,0.0,707.0,3276.0,0.0,
15078,,0.0,0.0,0.0,0.0,1461.0,4567.0,0.0,
15081,,0.0,0.0,0.0,0.0,903.0,4723.0,0.0,
15082,,0.0,0.0,0.0,0.0,1821.0,7824.0,0.0,
15083,,0.0,0.0,0.0,0.0,746.0,4582.0,0.0,
15085,,1.0,1.0,1.0,1.0,3417.0,11913.0,2.0,
15086,,0.0,0.0,0.0,0.0,1122.0,8961.0,0.0,
15089,,0.0,0.0,0.0,0.0,746.0,4582.0,0.0,
15091,,0.0,0.0,0.0,0.0,1214.0,5971.0,0.0,
15095,,0.0,0.0,0.0,0.0,879.0,5996.0,0.0,
15096,,0.0,0.0,0.0,0.0,879.0,5996.0,0.0,
15112,,1.0,1.0,1.0,1.0,7657.0,19962.0,2.0,
15123,,0.0,0.0,0.0,0.0,1269.0,5689.0,0.0,
15127,,0.0,0.0,0.0,0.0,177.0,4863.0,0.0,
15134,,0.0,1.0,0.0,1.0,976.0,1654.0,3.0,
15135,,0.0,0.0,0.0,0.0,1214.0,7202.0,0.0,
15142,,0.0,0.0,0.0,0.0,850.0,5265.0,0.0,
15143,,0.0,0.0,0.0,0.0,3354.0,33659.0,0.0,
15225,,1.0,1.0,1.0,1.0,373.0,1229.0,2.0,
15230,,0.0,0.0,0.0,0.0,990.0,4874.0,0.0,
15231,,0.0,0.0,0.0,0.0,3142.0,18271.0,0.0,
15232,,0.0,0.0,0.0,1.0,9936.0,31532.0,0.0,
15234,,1.0,1.0,1.0,1.0,8017.0,46950.0,2.0,
15240,,0.0,0.0,0.0,0.0,809.0,4197.0,0.0,
15241,,0.0,0.0,0.0,0.0,5291.0,47324.0,0.0,
15244,,0.0,0.0,0.0,0.0,954.0,5414.0,0.0,
15258,,0.0,0.0,0.0,0.0,990.0,4874.0,0.0,
15259,,0.0,0.0,0.0,0.0,990.0,4874.0,0.0,
15260,,1.0,1.0,1.0,1.0,11713.0,31965.0,2.0,
15261,,0.0,1.0,0.0,1.0,5265.0,12597.0,3.0,
15262,,0.0,0.0,0.0,0.0,990.0,4874.0,0.0,
15267,,0.0,0.0,0.0,0.0,0.0,3655.0,0.0,
15272,,0.0,0.0,0.0,0.0,990.0,4874.0,0.0,
15275,,0.0,0.0,0.0,0.0,2614.0,8978.0,0.0,
15276,,0.0,0.0,0.0,0.0,954.0,5414.0,0.0,
15277,,0.0,0.0,0.0,0.0,954.0,5414.0,0.0,
15289,,0.0,0.0,0.0,0.0,575.0,5531.0,0.0,
15290,,0.0,0.0,0.0,1.0,366.0,936.0,0.0,
15295,,0.0,0.0,0.0,0.0,712.0,2375.0,0.0,
15310,,0.0,0.0,0.0,0.0,1283.0,4877.0,0.0,
15311,,0.0,0.0,0.0,0.0,4124.0,22540.0,0.0,
15312,,0.0,0.0,0.0,0.0,3247.0,14680.0,0.0,
15313,,0.0,0.0,0.0,0.0,2686.0,9980.0,0.0,
15314,,1.0,1.0,1.0,1.0,4662.0,20625.0,2.0,
15315,,0.0,0.0,0.0,1.0,1662.0,4367.0,0.0,
15316,,0.0,0.0,0.0,0.0,653.0,2943.0,0.0,
15320,,0.0,0.0,0.0,1.0,8401.0,29283.0,0.0,
15321,,0.0,0.0,0.0,0.0,1889.0,11400.0,0.0,
15322,,0.0,0.0,0.0,1.0,4884.0,16203.0,0.0,
15324,,0.0,0.0,0.0,0.0,1157.0,5663.0,0.0,
15325,,0.0,0.0,0.0,0.0,2934.0,10428.0,0.0,
15327,,0.0,0.0,0.0,1.0,1662.0,4367.0,0.0,
15329,,0.0,0.0,0.0,0.0,3273.0,18990.0,0.0,
15330,,0.0,0.0,0.0,0.0,4122.0,35152.0,0.0,
15331,,1.0,1.0,1.0,1.0,1108.0,3717.0,2.0,
15332,,0.0,0.0,0.0,0.0,7229.0,41680.0,0.0,
15333,,0.0,0.0,0.0,1.0,4655.0,15371.0,0.0,
15334,,0.0,0.0,0.0,1.0,2952.0,13260.0,0.0,
15336,,0.0,0.0,0.0,0.0,808.0,3589.0,0.0,
15337,,0.0,0.0,0.0,0.0,2412.0,9857.0,0.0,
15338,,0.0,0.0,0.0,1.0,5167.0,20380.0,0.0,
15339,,0.0,0.0,0.0,0.0,488.0,3168.0,0.0,
15340,,0.0,0.0,0.0,0.0,2274.0,9809.0,0.0,
15342,,0.0,0.0,0.0,0.0,2649.0,13002.0,0.0,
15344,,0.0,0.0,0.0,0.0,4063.0,15408.0,0.0,
15345,,0.0,0.0,0.0,0.0,1564.0,6827.0,0.0,
15346,,0.0,0.0,0.0,0.0,1129.0,4980.0,0.0,
15348,,0.0,0.0,0.0,1.0,1146.0,2524.0,0.0,
15349,,0.0,0.0,0.0,1.0,3605.0,16203.0,0.0,
15350,,0.0,0.0,0.0,0.0,629.0,2524.0,0.0,
15351,,0.0,0.0,0.0,0.0,2215.0,7120.0,0.0,
15352,,0.0,0.0,0.0,0.0,1936.0,7820.0,0.0,
15353,,0.0,0.0,0.0,0.0,1129.0,4980.0,0.0,
15357,,0.0,0.0,0.0,1.0,4080.0,12952.0,0.0,
15358,,0.0,0.0,0.0,0.0,1529.0,4317.0,0.0,
15359,,1.0,1.0,1.0,1.0,2495.0,9061.0,2.0,
15360,,1.0,1.0,1.0,1.0,3550.0,14040.0,2.0,
15361,,0.0,0.0,0.0,0.0,1612.0,7485.0,0.0,
15362,,0.0,0.0,0.0,0.0,1943.0,11836.0,0.0,
15363,,0.0,0.0,0.0,0.0,935.0,6424.0,0.0,
15364,,0.0,0.0,0.0,0.0,2412.0,9857.0,0.0,
15365,,0.0,0.0,0.0,0.0,1507.0,6170.0,0.0,
15366,,0.0,0.0,0.0,0.0,850.0,4461.0,0.0,
15367,,0.0,0.0,0.0,0.0,2454.0,27128.0,0.0,
15368,,0.0,0.0,0.0,1.0,2213.0,5048.0,0.0,
15376,,0.0,0.0,0.0,0.0,3248.0,13191.0,0.0,
15377,,0.0,0.0,0.0,0.0,2073.0,7401.0,0.0,
15378,,0.0,0.0,0.0,0.0,972.0,3422.0,0.0,
15379,,0.0,0.0,0.0,0.0,951.0,4497.0,0.0,
15380,,0.0,0.0,0.0,0.0,1283.0,4877.0,0.0,
15401,,1.0,1.0,1.0,1.0,19322.0,59265.0,2.0,
15410,,1.0,1.0,1.0,1.0,5114.0,17437.0,2.0,
15411,,0.0,0.0,0.0,1.0,923.0,5164.0,0.0,
15413,,0.0,0.0,0.0,1.0,3119.0,11842.0,0.0,
15415,,0.0,0.0,0.0,1.0,1504.0,6390.0,0.0,
15416,,0.0,0.0,0.0,0.0,1181.0,3297.0,0.0,
15420,,1.0,1.0,1.0,1.0,984.0,6390.0,2.0,
15421,,0.0,0.0,0.0,0.0,1260.0,7231.0,0.0,
15422,,0.0,0.0,0.0,1.0,1504.0,6390.0,0.0,
15427,,0.0,0.0,0.0,0.0,2805.0,7056.0,0.0,
15428,,1.0,1.0,1.0,1.0,3407.0,10433.0,2.0,
15429,,0.0,0.0,0.0,0.0,1067.0,2524.0,0.0,
15430,,1.0,1.0,1.0,1.0,655.0,1821.0,2.0,
15432,,0.0,0.0,0.0,0.0,641.0,2983.0,0.0,
15433,,0.0,0.0,0.0,0.0,1615.0,5452.0,0.0,
15434,,1.0,1.0,1.0,1.0,1148.0,4732.0,2.0,
15435,,1.0,1.0,1.0,1.0,2081.0,11034.0,2.0,
15436,,0.0,0.0,0.0,1.0,2354.0,7494.0,0.0,
15437,,0.0,0.0,0.0,1.0,6518.0,27750.0,0.0,
15438,,1.0,1.0,1.0,1.0,2893.0,12179.0,2.0,
15439,,0.0,0.0,0.0,1.0,2427.0,6296.0,0.0,
15440,,0.0,0.0,0.0,0.0,1260.0,7231.0,0.0,
15442,,1.0,1.0,1.0,1.0,3078.0,15590.0,2.0,
15443,,0.0,0.0,0.0,1.0,2515.0,5595.0,0.0,
15444,,1.0,1.0,1.0,1.0,2748.0,8263.0,2.0,
15445,,1.0,1.0,1.0,1.0,3776.0,10839.0,2.0,
15446,,0.0,0.0,0.0,1.0,2382.0,6827.0,0.0,
15447,,0.0,0.0,0.0,0.0,1615.0,5452.0,0.0,
15449,,0.0,0.0,0.0,1.0,1097.0,4644.0,0.0,
15450,,0.0,0.0,0.0,0.0,1615.0,5452.0,0.0,
15451,,0.0,0.0,0.0,1.0,2427.0,6296.0,0.0,
15454,,0.0,0.0,0.0,1.0,2515.0,5595.0,0.0,
15455,,0.0,0.0,0.0,0.0,1373.0,4705.0,0.0,
15456,,1.0,1.0,1.0,1.0,6096.0,18828.0,2.0,
15458,,0.0,0.0,0.0,1.0,2515.0,5595.0,0.0,
15459,,0.0,0.0,0.0,0.0,2122.0,14462.0,0.0,
15460,,0.0,0.0,0.0,1.0,2427.0,6296.0,0.0,
15461,,1.0,1.0,1.0,1.0,8241.0,19714.0,2.0,
15462,,0.0,0.0,0.0,1.0,2382.0,6827.0,0.0,
15463,,1.0,1.0,1.0,1.0,4103.0,18232.0,2.0,
15464,,0.0,0.0,0.0,1.0,3244.0,14058.0,0.0,
15465,,1.0,1.0,1.0,1.0,1268.0,3644.0,2.0,
15466,,0.0,0.0,0.0,0.0,590.0,2810.0,0.0,
15467,,0.0,0.0,0.0,1.0,2427.0,6296.0,0.0,
15468,,1.0,1.0,1.0,1.0,7715.0,28471.0,2.0,
15469,,0.0,0.0,0.0,1.0,3602.0,11928.0,0.0,
15470,,0.0,0.0,0.0,0.0,2122.0,14462.0,0.0,
15472,,0.0,1.0,0.0,1.0,1455.0,3471.0,3.0,
15473,,1.0,1.0,1.0,1.0,3987.0,16374.0,2.0,
15474,,0.0,0.0,0.0,1.0,2427.0,6296.0,0.0,
15476,,0.0,0.0,0.0,1.0,2515.0,5595.0,0.0,
15477,,1.0,1.0,1.0,1.0,1148.0,4732.0,2.0,
15478,,0.0,0.0,0.0,1.0,8157.0,21882.0,0.0,
15480,,0.0,0.0,0.0,1.0,4970.0,19599.0,0.0,
15482,,0.0,0.0,0.0,0.0,1152.0,4550.0,0.0,
15483,,0.0,0.0,0.0,0.0,641.0,2983.0,0.0,
15484,,0.0,0.0,0.0,0.0,538.0,5210.0,0.0,
15485,,0.0,0.0,0.0,1.0,923.0,5164.0,0.0,
15486,,1.0,1.0,1.0,1.0,3763.0,13704.0,2.0,
15488,,0.0,0.0,0.0,1.0,1680.0,7272.0,0.0,
15489,,0.0,0.0,0.0,1.0,2569.0,7832.0,0.0,
15490,,0.0,0.0,0.0,1.0,3602.0,11928.0,0.0,
15492,,0.0,0.0,0.0,0.0,1152.0,4550.0,0.0,
15502,,0.0,0.0,0.0,0.0,2065.0,7400.0,0.0,
15510,,1.0,1.0,1.0,1.0,2377.0,10471.0,2.0,
15520,,0.0,0.0,0.0,1.0,2044.0,6132.0,0.0,
15532,,0.0,0.0,0.0,0.0,1131.0,3171.0,0.0,
15534,,0.0,0.0,0.0,0.0,903.0,3515.0,0.0,
15538,,0.0,0.0,0.0,0.0,903.0,3515.0,0.0,
15540,,0.0,0.0,0.0,1.0,2735.0,13499.0,0.0,
15541,,0.0,0.0,0.0,1.0,5909.0,20671.0,0.0,
15542,,0.0,0.0,0.0,1.0,4570.0,16135.0,0.0,
15544,,0.0,0.0,0.0,1.0,2044.0,6132.0,0.0,
15545,,0.0,0.0,0.0,0.0,903.0,3515.0,0.0,
15546,,0.0,0.0,0.0,1.0,2044.0,6132.0,0.0,
15547,,0.0,0.0,0.0,1.0,2044.0,6132.0,0.0,
15548,,0.0,0.0,0.0,1.0,1096.0,3355.0,0.0,
15549,,0.0,0.0,0.0,0.0,1420.0,5224.0,0.0,
15550,,0.0,0.0,0.0,0.0,903.0,3515.0,0.0,
15551,,0.0,0.0,0.0,1.0,1614.0,8935.0,0.0,
15553,,0.0,0.0,0.0,0.0,903.0,3515.0,0.0,
15555,,0.0,0.0,0.0,0.0,690.0,3044.0,0.0,
15558,,0.0,0.0,0.0,0.0,2034.0,6686.0,0.0,
15559,,0.0,0.0,0.0,0.0,903.0,3515.0,0.0,
15560,,0.0,0.0,0.0,0.0,659.0,2916.0,0.0,
15561,,0.0,0.0,0.0,0.0,690.0,3044.0,0.0,
15562,,0.0,0.0,0.0,0.0,1131.0,3171.0,0.0,
15563,,0.0,0.0,0.0,1.0,5072.0,16579.0,0.0,
15564,,0.0,0.0,0.0,0.0,903.0,3515.0,0.0,
15565,,0.0,0.0,0.0,0.0,1131.0,3171.0,0.0,
15610,,0.0,0.0,0.0,1.0,4263.0,14563.0,0.0,
15613,,0.0,0.0,0.0,0.0,3182.0,10965.0,0.0,
15618,,0.0,0.0,0.0,1.0,2758.0,9054.0,0.0,
15622,,0.0,0.0,0.0,1.0,3753.0,15035.0,0.0,
15631,,0.0,0.0,0.0,1.0,2261.0,6697.0,0.0,
15642,,0.0,0.0,0.0,0.0,367.0,3655.0,0.0,
15656,,1.0,1.0,1.0,1.0,3165.0,14620.0,2.0,
15666,,0.0,0.0,0.0,1.0,3481.0,11798.0,0.0,
15673,,0.0,0.0,0.0,0.0,2339.0,7310.0,0.0,
15681,,0.0,0.0,0.0,1.0,3847.0,13763.0,0.0,
15682,,0.0,1.0,0.0,1.0,917.0,3655.0,3.0,
15683,,0.0,0.0,0.0,1.0,3481.0,11798.0,0.0,
15686,,0.0,0.0,0.0,0.0,3135.0,10965.0,0.0,
15690,,0.0,0.0,0.0,1.0,3760.0,14620.0,0.0,
15705,,0.0,0.0,0.0,1.0,832.0,5078.0,0.0,
15710,,0.0,0.0,0.0,0.0,735.0,3415.0,0.0,
15712,,0.0,0.0,0.0,1.0,907.0,2845.0,0.0,
15713,,0.0,0.0,0.0,0.0,1391.0,4876.0,0.0,
15714,,1.0,1.0,1.0,1.0,4791.0,15982.0,2.0,
15716,,0.0,0.0,0.0,1.0,1556.0,3746.0,0.0,
15717,,0.0,0.0,0.0,1.0,6918.0,22938.0,0.0,
15720,,0.0,0.0,0.0,1.0,1245.0,4256.0,0.0,
15722,,1.0,1.0,1.0,1.0,1995.0,8665.0,2.0,
15723,,0.0,0.0,0.0,0.0,865.0,3793.0,0.0,
15724,,1.0,1.0,1.0,1.0,3582.0,11213.0,2.0,
15725,,0.0,0.0,0.0,1.0,1555.0,6453.0,0.0,
15727,,0.0,0.0,0.0,1.0,466.0,1744.0,0.0,
15728,,0.0,0.0,0.0,1.0,8172.0,23455.0,0.0,
15729,,0.0,0.0,0.0,1.0,3725.0,11229.0,0.0,
15731,,0.0,0.0,0.0,1.0,2061.0,6720.0,0.0,
15732,,0.0,0.0,0.0,1.0,6511.0,17673.0,0.0,
15734,,0.0,0.0,0.0,1.0,1602.0,3995.0,0.0,
15736,,0.0,0.0,0.0,0.0,936.0,3655.0,0.0,
15737,,1.0,1.0,1.0,1.0,1995.0,8665.0,2.0,
15738,,1.0,1.0,1.0,1.0,1073.0,4373.0,2.0,
15739,,0.0,0.0,0.0,0.0,865.0,3793.0,0.0,
15741,,0.0,0.0,0.0,1.0,907.0,2845.0,0.0,
15742,,0.0,0.0,0.0,1.0,2842.0,7201.0,0.0,
15745,,0.0,0.0,0.0,0.0,735.0,3415.0,0.0,
15746,,0.0,0.0,0.0,1.0,907.0,2845.0,0.0,
15747,,0.0,0.0,0.0,1.0,4773.0,14156.0,0.0,
15748,,0.0,0.0,0.0,1.0,7659.0,30099.0,0.0,
15750,,0.0,0.0,0.0,1.0,1556.0,3746.0,0.0,
15752,,0.0,0.0,0.0,0.0,1089.0,4709.0,0.0,
15754,,0.0,0.0,0.0,0.0,1391.0,4876.0,0.0,
15756,,0.0,0.0,0.0,1.0,1061.0,5345.0,0.0,
15757,,0.0,0.0,0.0,1.0,1935.0,4356.0,0.0,
15758,,0.0,0.0,0.0,1.0,1935.0,4356.0,0.0,
15759,,0.0,0.0,0.0,1.0,6221.0,15651.0,0.0,
15760,,1.0,1.0,1.0,1.0,1073.0,4373.0,2.0,
15761,,0.0,0.0,0.0,0.0,735.0,3415.0,0.0,
15762,,1.0,1.0,1.0,1.0,3482.0,11300.0,2.0,
15763,,0.0,0.0,0.0,1.0,2847.0,5018.0,0.0,
15765,,0.0,0.0,0.0,1.0,3196.0,12060.0,0.0,
15767,,0.0,0.0,0.0,1.0,4782.0,9374.0,0.0,
15771,,0.0,0.0,0.0,1.0,5689.0,12219.0,0.0,
15772,,0.0,0.0,0.0,1.0,1935.0,4356.0,0.0,
15773,,0.0,0.0,0.0,0.0,922.0,4292.0,0.0,
15774,,0.0,0.0,0.0,1.0,4697.0,19275.0,0.0,
15775,,0.0,1.0,0.0,1.0,1381.0,4199.0,3.0,
15777,,0.0,0.0,0.0,1.0,1602.0,3995.0,0.0,
15783,,0.0,0.0,0.0,1.0,466.0,1744.0,0.0,
15901,,1.0,1.0,1.0,1.0,6046.0,23591.0,2.0,
15902,,1.0,1.0,1.0,1.0,8252.0,25498.0,2.0,
15906,,1.0,1.0,1.0,1.0,9956.0,36626.0,2.0,
15907,,0.0,0.0,0.0,1.0,902.0,1453.0,0.0,
15909,,1.0,1.0,1.0,1.0,2530.0,11038.0,2.0,
15920,,0.0,0.0,0.0,1.0,2483.0,10409.0,0.0,
15921,,0.0,0.0,0.0,1.0,792.0,2976.0,0.0,
15922,,0.0,0.0,0.0,1.0,1028.0,2728.0,0.0,
15924,,0.0,0.0,0.0,1.0,2304.0,9167.0,0.0,
15925,,0.0,0.0,0.0,0.0,612.0,2680.0,0.0,
15927,,1.0,1.0,1.0,1.0,3069.0,13424.0,2.0,
15928,,0.0,0.0,0.0,1.0,1629.0,5512.0,0.0,
15929,,0.0,0.0,0.0,0.0,735.0,3415.0,0.0,
15930,,0.0,0.0,0.0,0.0,1129.0,6495.0,0.0,
15931,,1.0,1.0,1.0,1.0,8141.0,36336.0,2.0,
15934,,0.0,0.0,0.0,0.0,1129.0,6495.0,0.0,
15936,,0.0,0.0,0.0,1.0,5029.0,18034.0,0.0,
15937,,0.0,0.0,0.0,1.0,3673.0,11644.0,0.0,
15938,,0.0,0.0,0.0,0.0,2661.0,12952.0,0.0,
15940,,0.0,0.0,0.0,0.0,3518.0,17136.0,0.0,
15942,,0.0,0.0,0.0,0.0,3823.0,15932.0,0.0,
15943,,0.0,1.0,0.0,1.0,3735.0,17030.0,3.0,
15944,,0.0,0.0,0.0,1.0,1748.0,6994.0,0.0,
15945,,0.0,0.0,0.0,0.0,1187.0,4380.0,0.0,
15946,,0.0,1.0,0.0,1.0,3895.0,18722.0,3.0,
15948,,0.0,0.0,0.0,0.0,968.0,6323.0,0.0,
15949,,0.0,0.0,0.0,1.0,1245.0,4256.0,0.0,
15951,,0.0,0.0,0.0,0.0,2419.0,10621.0,0.0,
15952,,0.0,0.0,0.0,0.0,1129.0,6495.0,0.0,
15953,,0.0,0.0,0.0,0.0,1031.0,4991.0,0.0,
15954,,0.0,0.0,0.0,0.0,503.0,2738.0,0.0,
15955,,0.0,0.0,0.0,1.0,3211.0,13597.0,0.0,
15956,,0.0,0.0,0.0,0.0,3668.0,16176.0,0.0,
15957,,0.0,0.0,0.0,1.0,1763.0,6143.0,0.0,
15958,,0.0,0.0,0.0,1.0,4479.0,22256.0,0.0,
15959,,0.0,0.0,0.0,1.0,2210.0,7714.0,0.0,
15960,,0.0,0.0,0.0,1.0,1028.0,2728.0,0.0,
15961,,0.0,0.0,0.0,1.0,3008.0,13806.0,0.0,
15962,,0.0,1.0,0.0,1.0,1628.0,5813.0,3.0,
16002,,0.0,1.0,0.0,1.0,9806.0,47257.0,3.0,
16003,,0.0,1.0,0.0,1.0,1166.0,2698.0,3.0,
16020,,0.0,0.0,0.0,0.0,1374.0,4961.0,0.0,
16022,,0.0,0.0,0.0,0.0,1256.0,4532.0,0.0,
16024,,0.0,0.0,0.0,0.0,856.0,9348.0,0.0,
16025,,0.0,0.0,0.0,0.0,5371.0,20934.0,0.0,
16027,,0.0,0.0,0.0,0.0,854.0,4217.0,0.0,
16028,,0.0,0.0,0.0,0.0,955.0,3655.0,0.0,
16029,,0.0,0.0,0.0,0.0,1855.0,8481.0,0.0,
16030,,0.0,0.0,0.0,0.0,1374.0,4961.0,0.0,
16034,,0.0,0.0,0.0,0.0,1351.0,5448.0,0.0,
16035,,0.0,0.0,0.0,1.0,1917.0,8578.0,0.0,
16038,,0.0,0.0,0.0,1.0,3291.0,13539.0,0.0,
16039,,0.0,1.0,0.0,1.0,1166.0,2698.0,3.0,
16040,,0.0,0.0,0.0,0.0,1374.0,4961.0,0.0,
16041,,0.0,0.0,0.0,0.0,3634.0,12412.0,0.0,
16045,,0.0,1.0,0.0,1.0,4313.0,16640.0,3.0,
16046,,0.0,0.0,0.0,0.0,4886.0,61913.0,0.0,
16048,,0.0,0.0,0.0,0.0,1374.0,4961.0,0.0,
16049,,0.0,0.0,0.0,0.0,3585.0,13148.0,0.0,
16051,,0.0,0.0,0.0,0.0,5263.0,25554.0,0.0,
16052,,0.0,0.0,0.0,0.0,3458.0,16434.0,0.0,
16053,,0.0,0.0,0.0,0.0,3078.0,21417.0,0.0,
16055,,0.0,0.0,0.0,1.0,5057.0,26669.0,0.0,
16056,,0.0,0.0,0.0,0.0,3100.0,20894.0,0.0,
16061,,0.0,0.0,0.0,0.0,3689.0,15617.0,0.0,
16063,,0.0,0.0,0.0,0.0,4019.0,21951.0,0.0,
16066,,0.0,0.0,0.0,0.0,5378.0,74231.0,0.0,
16108,,1.0,1.0,1.0,1.0,1007.0,2319.0,2.0,
16112,,0.0,0.0,0.0,0.0,1466.0,6891.0,0.0,
16116,,1.0,1.0,1.0,1.0,2927.0,11971.0,2.0,
16123,,0.0,0.0,0.0,0.0,1974.0,7479.0,0.0,
16127,,0.0,0.0,0.0,1.0,2744.0,12494.0,0.0,
16136,,0.0,0.0,0.0,0.0,827.0,3659.0,0.0,
16140,,0.0,0.0,0.0,0.0,713.0,3658.0,0.0,
16142,,0.0,0.0,0.0,0.0,3971.0,26375.0,0.0,
16155,,0.0,0.0,0.0,0.0,713.0,3658.0,0.0,
16157,,1.0,1.0,1.0,1.0,6164.0,23728.0,2.0,
16159,,0.0,0.0,0.0,0.0,713.0,3658.0,0.0,
16160,,0.0,0.0,0.0,1.0,1353.0,4478.0,0.0,
16172,,0.0,0.0,0.0,0.0,249.0,2459.0,0.0,
16210,,0.0,0.0,0.0,1.0,1576.0,7310.0,0.0,
16211,,0.0,0.0,0.0,1.0,2847.0,5018.0,0.0,
16212,,0.0,0.0,0.0,0.0,1225.0,3655.0,0.0,
16218,,0.0,0.0,0.0,1.0,3239.0,14620.0,0.0,
16222,,0.0,0.0,0.0,1.0,6242.0,12328.0,0.0,
16224,,0.0,0.0,0.0,1.0,1728.0,3655.0,0.0,
16226,,1.0,1.0,1.0,1.0,5498.0,18275.0,2.0,
16228,,0.0,0.0,0.0,1.0,1384.0,3655.0,0.0,
16236,,1.0,1.0,1.0,1.0,2851.0,7310.0,2.0,
16238,,0.0,0.0,0.0,1.0,1384.0,3655.0,0.0,
16240,,0.0,0.0,0.0,1.0,1728.0,3655.0,0.0,
16242,,0.0,0.0,0.0,1.0,3140.0,10965.0,0.0,
16244,,0.0,0.0,0.0,1.0,1667.0,3655.0,0.0,
16245,,0.0,0.0,0.0,1.0,1728.0,3655.0,0.0,
16246,,0.0,0.0,0.0,1.0,2847.0,5018.0,0.0,
16249,,0.0,0.0,0.0,1.0,2603.0,7310.0,0.0,
16250,,0.0,0.0,0.0,1.0,1667.0,3655.0,0.0,
16253,,0.0,0.0,0.0,1.0,1728.0,3655.0,0.0,
16256,,0.0,0.0,0.0,1.0,4782.0,9374.0,0.0,
16259,,0.0,0.0,0.0,1.0,3140.0,10965.0,0.0,
16262,,0.0,0.0,0.0,1.0,3918.0,14620.0,0.0,
16263,,0.0,0.0,0.0,1.0,1667.0,3655.0,0.0,
16373,,0.0,0.0,0.0,0.0,2630.0,9493.0,0.0,
16601,,0.0,0.0,0.0,0.0,1657.0,6437.0,0.0,
16613,,0.0,0.0,0.0,0.0,3373.0,14279.0,0.0,
16619,,0.0,0.0,0.0,1.0,1014.0,2577.0,0.0,
16624,,0.0,0.0,0.0,0.0,2279.0,10235.0,0.0,
16627,,0.0,0.0,0.0,1.0,1014.0,2577.0,0.0,
16629,,0.0,0.0,0.0,0.0,1094.0,4044.0,0.0,
16630,,0.0,0.0,0.0,0.0,3078.0,14208.0,0.0,
16635,,0.0,0.0,0.0,0.0,1362.0,6366.0,0.0,
16636,,0.0,0.0,0.0,1.0,3765.0,13058.0,0.0,
16639,,0.0,0.0,0.0,1.0,2671.0,9014.0,0.0,
16640,,0.0,0.0,0.0,1.0,2671.0,9014.0,0.0,
16641,,0.0,0.0,0.0,0.0,1716.0,7842.0,0.0,
16644,,0.0,0.0,0.0,1.0,1014.0,2577.0,0.0,
16668,,0.0,0.0,0.0,1.0,4215.0,17104.0,0.0,
16675,,0.0,0.0,0.0,0.0,1657.0,6437.0,0.0,
